YEAR,GRADE,CONTENT_AREA,SCALE_SCORE,SCALE_SCORE_CSEM
2009_2010,3,MATHEMATICS, 300  , 10.00  
2009_2010,3,MATHEMATICS, 300  , 10.00  
2009_2010,3,MATHEMATICS, 300  , 10.00  
2009_2010,3,MATHEMATICS, 300  , 10.00  
2009_2010,3,MATHEMATICS, 300  , 10.00  
2009_2010,3,MATHEMATICS, 300  , 10.00  
2009_2010,3,MATHEMATICS, 300  , 9.60  
2009_2010,3,MATHEMATICS, 303  , 7.60  
2009_2010,3,MATHEMATICS, 307  , 6.30  
2009_2010,3,MATHEMATICS, 310  , 5.50  
2009_2010,3,MATHEMATICS, 312  , 4.90  
2009_2010,3,MATHEMATICS, 314  , 4.50  
2009_2010,3,MATHEMATICS, 316  , 4.20  
2009_2010,3,MATHEMATICS, 318  , 3.90  
2009_2010,3,MATHEMATICS, 319  , 3.70  
2009_2010,3,MATHEMATICS, 320  , 3.60  
2009_2010,3,MATHEMATICS, 322  , 3.40  
2009_2010,3,MATHEMATICS, 323  , 3.30  
2009_2010,3,MATHEMATICS, 324  , 3.20  
2009_2010,3,MATHEMATICS, 325  , 3.10  
2009_2010,3,MATHEMATICS, 326  , 3.00  
2009_2010,3,MATHEMATICS, 327  , 2.90  
2009_2010,3,MATHEMATICS, 328  , 2.90  
2009_2010,3,MATHEMATICS, 328  , 2.80  
2009_2010,3,MATHEMATICS, 329  , 2.80  
2009_2010,3,MATHEMATICS, 330  , 2.70  
2009_2010,3,MATHEMATICS, 331  , 2.70  
2009_2010,3,MATHEMATICS, 331  , 2.60  
2009_2010,3,MATHEMATICS, 332  , 2.60  
2009_2010,3,MATHEMATICS, 333  , 2.60  
2009_2010,3,MATHEMATICS, 334  , 2.60  
2009_2010,3,MATHEMATICS, 335  , 2.50  
2009_2010,3,MATHEMATICS, 335  , 2.50  
2009_2010,3,MATHEMATICS, 336  , 2.50  
2009_2010,3,MATHEMATICS, 337  , 2.50  
2009_2010,3,MATHEMATICS, 337  , 2.50  
2009_2010,3,MATHEMATICS, 338  , 2.50  
2009_2010,3,MATHEMATICS, 339  , 2.50  
2009_2010,3,MATHEMATICS, 339  , 2.50  
2009_2010,3,MATHEMATICS, 340  , 2.50  
2009_2010,3,MATHEMATICS, 341  , 2.50  
2009_2010,3,MATHEMATICS, 342  , 2.50  
2009_2010,3,MATHEMATICS, 342  , 2.50  
2009_2010,3,MATHEMATICS, 343  , 2.60  
2009_2010,3,MATHEMATICS, 344  , 2.60  
2009_2010,3,MATHEMATICS, 345  , 2.60  
2009_2010,3,MATHEMATICS, 345  , 2.60  
2009_2010,3,MATHEMATICS, 346  , 2.70  
2009_2010,3,MATHEMATICS, 347  , 2.70  
2009_2010,3,MATHEMATICS, 348  , 2.80  
2009_2010,3,MATHEMATICS, 349  , 2.80  
2009_2010,3,MATHEMATICS, 350  , 2.90  
2009_2010,3,MATHEMATICS, 351  , 2.90  
2009_2010,3,MATHEMATICS, 352  , 3.00  
2009_2010,3,MATHEMATICS, 352  , 3.10  
2009_2010,3,MATHEMATICS, 354  , 3.20  
2009_2010,3,MATHEMATICS, 355  , 3.30  
2009_2010,3,MATHEMATICS, 357  , 3.50  
2009_2010,3,MATHEMATICS, 358  , 3.70  
2009_2010,3,MATHEMATICS, 360  , 3.90  
2009_2010,3,MATHEMATICS, 362  , 4.20  
2009_2010,3,MATHEMATICS, 364  , 4.70  
2009_2010,3,MATHEMATICS, 367  , 5.40  
2009_2010,3,MATHEMATICS, 371  , 6.70  
2009_2010,3,MATHEMATICS, 377  , 9.80  
2009_2010,3,MATHEMATICS, 380  , 10.00  
2009_2010,4,MATHEMATICS, 400  , 10.00  
2009_2010,4,MATHEMATICS, 400  , 10.00  
2009_2010,4,MATHEMATICS, 400  , 10.00  
2009_2010,4,MATHEMATICS, 400  , 10.00  
2009_2010,4,MATHEMATICS, 400  , 10.00  
2009_2010,4,MATHEMATICS, 400  , 10.00  
2009_2010,4,MATHEMATICS, 400  , 8.80  
2009_2010,4,MATHEMATICS, 401  , 7.50  
2009_2010,4,MATHEMATICS, 405  , 6.30  
2009_2010,4,MATHEMATICS, 408  , 5.60  
2009_2010,4,MATHEMATICS, 410  , 5.10  
2009_2010,4,MATHEMATICS, 412  , 4.70  
2009_2010,4,MATHEMATICS, 414  , 4.40  
2009_2010,4,MATHEMATICS, 415  , 4.10  
2009_2010,4,MATHEMATICS, 416  , 4.00  
2009_2010,4,MATHEMATICS, 418  , 3.80  
2009_2010,4,MATHEMATICS, 419  , 3.70  
2009_2010,4,MATHEMATICS, 420  , 3.60  
2009_2010,4,MATHEMATICS, 421  , 3.50  
2009_2010,4,MATHEMATICS, 422  , 3.40  
2009_2010,4,MATHEMATICS, 423  , 3.30  
2009_2010,4,MATHEMATICS, 424  , 3.30  
2009_2010,4,MATHEMATICS, 425  , 3.20  
2009_2010,4,MATHEMATICS, 426  , 3.20  
2009_2010,4,MATHEMATICS, 427  , 3.10  
2009_2010,4,MATHEMATICS, 428  , 3.10  
2009_2010,4,MATHEMATICS, 429  , 3.00  
2009_2010,4,MATHEMATICS, 430  , 3.00  
2009_2010,4,MATHEMATICS, 430  , 3.00  
2009_2010,4,MATHEMATICS, 430  , 3.00  
2009_2010,4,MATHEMATICS, 432  , 3.00  
2009_2010,4,MATHEMATICS, 433  , 2.90  
2009_2010,4,MATHEMATICS, 434  , 2.90  
2009_2010,4,MATHEMATICS, 434  , 2.90  
2009_2010,4,MATHEMATICS, 435  , 2.90  
2009_2010,4,MATHEMATICS, 436  , 2.90  
2009_2010,4,MATHEMATICS, 437  , 2.90  
2009_2010,4,MATHEMATICS, 438  , 2.90  
2009_2010,4,MATHEMATICS, 439  , 2.90  
2009_2010,4,MATHEMATICS, 439  , 2.90  
2009_2010,4,MATHEMATICS, 440  , 2.90  
2009_2010,4,MATHEMATICS, 441  , 3.00  
2009_2010,4,MATHEMATICS, 442  , 3.00  
2009_2010,4,MATHEMATICS, 443  , 3.00  
2009_2010,4,MATHEMATICS, 444  , 3.00  
2009_2010,4,MATHEMATICS, 445  , 3.00  
2009_2010,4,MATHEMATICS, 446  , 3.10  
2009_2010,4,MATHEMATICS, 447  , 3.10  
2009_2010,4,MATHEMATICS, 448  , 3.10  
2009_2010,4,MATHEMATICS, 449  , 3.20  
2009_2010,4,MATHEMATICS, 450  , 3.20  
2009_2010,4,MATHEMATICS, 451  , 3.20  
2009_2010,4,MATHEMATICS, 452  , 3.30  
2009_2010,4,MATHEMATICS, 453  , 3.30  
2009_2010,4,MATHEMATICS, 454  , 3.40  
2009_2010,4,MATHEMATICS, 456  , 3.50  
2009_2010,4,MATHEMATICS, 457  , 3.60  
2009_2010,4,MATHEMATICS, 458  , 3.70  
2009_2010,4,MATHEMATICS, 460  , 3.90  
2009_2010,4,MATHEMATICS, 462  , 4.20  
2009_2010,4,MATHEMATICS, 464  , 4.60  
2009_2010,4,MATHEMATICS, 467  , 5.20  
2009_2010,4,MATHEMATICS, 470  , 6.20  
2009_2010,4,MATHEMATICS, 475  , 8.10  
2009_2010,4,MATHEMATICS, 480  , 10.00  
2009_2010,4,MATHEMATICS, 480  , 10.00  
2009_2010,5,MATHEMATICS, 500  , 10.00  
2009_2010,5,MATHEMATICS, 500  , 10.00  
2009_2010,5,MATHEMATICS, 500  , 10.00  
2009_2010,5,MATHEMATICS, 500  , 10.00  
2009_2010,5,MATHEMATICS, 500  , 10.00  
2009_2010,5,MATHEMATICS, 500  , 10.00  
2009_2010,5,MATHEMATICS, 502  , 10.00  
2009_2010,5,MATHEMATICS, 509  , 8.30  
2009_2010,5,MATHEMATICS, 513  , 6.60  
2009_2010,5,MATHEMATICS, 517  , 5.60  
2009_2010,5,MATHEMATICS, 519  , 5.00  
2009_2010,5,MATHEMATICS, 521  , 4.50  
2009_2010,5,MATHEMATICS, 523  , 4.20  
2009_2010,5,MATHEMATICS, 524  , 3.90  
2009_2010,5,MATHEMATICS, 526  , 3.70  
2009_2010,5,MATHEMATICS, 527  , 3.50  
2009_2010,5,MATHEMATICS, 528  , 3.40  
2009_2010,5,MATHEMATICS, 529  , 3.30  
2009_2010,5,MATHEMATICS, 530  , 3.20  
2009_2010,5,MATHEMATICS, 531  , 3.10  
2009_2010,5,MATHEMATICS, 532  , 3.00  
2009_2010,5,MATHEMATICS, 532  , 3.00  
2009_2010,5,MATHEMATICS, 534  , 2.90  
2009_2010,5,MATHEMATICS, 535  , 2.90  
2009_2010,5,MATHEMATICS, 536  , 2.80  
2009_2010,5,MATHEMATICS, 536  , 2.80  
2009_2010,5,MATHEMATICS, 537  , 2.80  
2009_2010,5,MATHEMATICS, 538  , 2.70  
2009_2010,5,MATHEMATICS, 539  , 2.70  
2009_2010,5,MATHEMATICS, 539  , 2.70  
2009_2010,5,MATHEMATICS, 540  , 2.60  
2009_2010,5,MATHEMATICS, 541  , 2.60  
2009_2010,5,MATHEMATICS, 541  , 2.60  
2009_2010,5,MATHEMATICS, 542  , 2.60  
2009_2010,5,MATHEMATICS, 543  , 2.50  
2009_2010,5,MATHEMATICS, 544  , 2.50  
2009_2010,5,MATHEMATICS, 544  , 2.50  
2009_2010,5,MATHEMATICS, 545  , 2.50  
2009_2010,5,MATHEMATICS, 546  , 2.50  
2009_2010,5,MATHEMATICS, 546  , 2.50  
2009_2010,5,MATHEMATICS, 547  , 2.50  
2009_2010,5,MATHEMATICS, 548  , 2.50  
2009_2010,5,MATHEMATICS, 548  , 2.50  
2009_2010,5,MATHEMATICS, 549  , 2.50  
2009_2010,5,MATHEMATICS, 550  , 2.50  
2009_2010,5,MATHEMATICS, 550  , 2.50  
2009_2010,5,MATHEMATICS, 551  , 2.50  
2009_2010,5,MATHEMATICS, 552  , 2.60  
2009_2010,5,MATHEMATICS, 553  , 2.60  
2009_2010,5,MATHEMATICS, 553  , 2.70  
2009_2010,5,MATHEMATICS, 554  , 2.70  
2009_2010,5,MATHEMATICS, 555  , 2.80  
2009_2010,5,MATHEMATICS, 556  , 2.80  
2009_2010,5,MATHEMATICS, 557  , 2.90  
2009_2010,5,MATHEMATICS, 558  , 3.00  
2009_2010,5,MATHEMATICS, 559  , 3.10  
2009_2010,5,MATHEMATICS, 560  , 3.20  
2009_2010,5,MATHEMATICS, 561  , 3.40  
2009_2010,5,MATHEMATICS, 562  , 3.50  
2009_2010,5,MATHEMATICS, 564  , 3.70  
2009_2010,5,MATHEMATICS, 565  , 3.90  
2009_2010,5,MATHEMATICS, 567  , 4.30  
2009_2010,5,MATHEMATICS, 570  , 4.70  
2009_2010,5,MATHEMATICS, 573  , 5.50  
2009_2010,5,MATHEMATICS, 577  , 7.00  
2009_2010,5,MATHEMATICS, 580  , 10.00  
2009_2010,6,MATHEMATICS, 600  , 10.00  
2009_2010,6,MATHEMATICS, 600  , 10.00  
2009_2010,6,MATHEMATICS, 600  , 10.00  
2009_2010,6,MATHEMATICS, 600  , 10.00  
2009_2010,6,MATHEMATICS, 600  , 10.00  
2009_2010,6,MATHEMATICS, 600  , 10.00  
2009_2010,6,MATHEMATICS, 600  , 10.00  
2009_2010,6,MATHEMATICS, 608  , 9.90  
2009_2010,6,MATHEMATICS, 614  , 7.60  
2009_2010,6,MATHEMATICS, 618  , 6.40  
2009_2010,6,MATHEMATICS, 620  , 5.50  
2009_2010,6,MATHEMATICS, 623  , 4.90  
2009_2010,6,MATHEMATICS, 625  , 4.50  
2009_2010,6,MATHEMATICS, 626  , 4.10  
2009_2010,6,MATHEMATICS, 628  , 3.90  
2009_2010,6,MATHEMATICS, 629  , 3.60  
2009_2010,6,MATHEMATICS, 630  , 3.50  
2009_2010,6,MATHEMATICS, 631  , 3.30  
2009_2010,6,MATHEMATICS, 632  , 3.20  
2009_2010,6,MATHEMATICS, 633  , 3.10  
2009_2010,6,MATHEMATICS, 634  , 3.00  
2009_2010,6,MATHEMATICS, 635  , 2.90  
2009_2010,6,MATHEMATICS, 636  , 2.90  
2009_2010,6,MATHEMATICS, 637  , 2.80  
2009_2010,6,MATHEMATICS, 638  , 2.80  
2009_2010,6,MATHEMATICS, 638  , 2.70  
2009_2010,6,MATHEMATICS, 639  , 2.70  
2009_2010,6,MATHEMATICS, 639  , 2.70  
2009_2010,6,MATHEMATICS, 641  , 2.70  
2009_2010,6,MATHEMATICS, 641  , 2.60  
2009_2010,6,MATHEMATICS, 642  , 2.60  
2009_2010,6,MATHEMATICS, 643  , 2.60  
2009_2010,6,MATHEMATICS, 643  , 2.60  
2009_2010,6,MATHEMATICS, 644  , 2.60  
2009_2010,6,MATHEMATICS, 645  , 2.60  
2009_2010,6,MATHEMATICS, 645  , 2.50  
2009_2010,6,MATHEMATICS, 646  , 2.50  
2009_2010,6,MATHEMATICS, 647  , 2.50  
2009_2010,6,MATHEMATICS, 647  , 2.50  
2009_2010,6,MATHEMATICS, 648  , 2.50  
2009_2010,6,MATHEMATICS, 649  , 2.50  
2009_2010,6,MATHEMATICS, 649  , 2.50  
2009_2010,6,MATHEMATICS, 650  , 2.50  
2009_2010,6,MATHEMATICS, 651  , 2.50  
2009_2010,6,MATHEMATICS, 652  , 2.50  
2009_2010,6,MATHEMATICS, 652  , 2.60  
2009_2010,6,MATHEMATICS, 652  , 2.60  
2009_2010,6,MATHEMATICS, 654  , 2.60  
2009_2010,6,MATHEMATICS, 655  , 2.60  
2009_2010,6,MATHEMATICS, 655  , 2.70  
2009_2010,6,MATHEMATICS, 656  , 2.70  
2009_2010,6,MATHEMATICS, 657  , 2.80  
2009_2010,6,MATHEMATICS, 658  , 2.90  
2009_2010,6,MATHEMATICS, 659  , 2.90  
2009_2010,6,MATHEMATICS, 660  , 3.10  
2009_2010,6,MATHEMATICS, 661  , 3.20  
2009_2010,6,MATHEMATICS, 662  , 3.30  
2009_2010,6,MATHEMATICS, 664  , 3.50  
2009_2010,6,MATHEMATICS, 665  , 3.70  
2009_2010,6,MATHEMATICS, 667  , 4.00  
2009_2010,6,MATHEMATICS, 668  , 4.30  
2009_2010,6,MATHEMATICS, 671  , 4.70  
2009_2010,6,MATHEMATICS, 673  , 5.30  
2009_2010,6,MATHEMATICS, 677  , 6.20  
2009_2010,6,MATHEMATICS, 680  , 7.70  
2009_2010,7,MATHEMATICS, 700  , 10.00  
2009_2010,7,MATHEMATICS, 700  , 10.00  
2009_2010,7,MATHEMATICS, 700  , 10.00  
2009_2010,7,MATHEMATICS, 700  , 10.00  
2009_2010,7,MATHEMATICS, 700  , 10.00  
2009_2010,7,MATHEMATICS, 700  , 10.00  
2009_2010,7,MATHEMATICS, 711  , 9.10  
2009_2010,7,MATHEMATICS, 716  , 6.70  
2009_2010,7,MATHEMATICS, 719  , 5.50  
2009_2010,7,MATHEMATICS, 722  , 4.80  
2009_2010,7,MATHEMATICS, 724  , 4.40  
2009_2010,7,MATHEMATICS, 726  , 4.10  
2009_2010,7,MATHEMATICS, 727  , 3.80  
2009_2010,7,MATHEMATICS, 729  , 3.60  
2009_2010,7,MATHEMATICS, 730  , 3.40  
2009_2010,7,MATHEMATICS, 731  , 3.30  
2009_2010,7,MATHEMATICS, 732  , 3.20  
2009_2010,7,MATHEMATICS, 733  , 3.10  
2009_2010,7,MATHEMATICS, 734  , 3.00  
2009_2010,7,MATHEMATICS, 735  , 2.90  
2009_2010,7,MATHEMATICS, 736  , 2.80  
2009_2010,7,MATHEMATICS, 737  , 2.80  
2009_2010,7,MATHEMATICS, 738  , 2.70  
2009_2010,7,MATHEMATICS, 739  , 2.60  
2009_2010,7,MATHEMATICS, 739  , 2.60  
2009_2010,7,MATHEMATICS, 739  , 2.50  
2009_2010,7,MATHEMATICS, 741  , 2.50  
2009_2010,7,MATHEMATICS, 741  , 2.50  
2009_2010,7,MATHEMATICS, 742  , 2.40  
2009_2010,7,MATHEMATICS, 743  , 2.40  
2009_2010,7,MATHEMATICS, 743  , 2.40  
2009_2010,7,MATHEMATICS, 744  , 2.30  
2009_2010,7,MATHEMATICS, 745  , 2.30  
2009_2010,7,MATHEMATICS, 745  , 2.30  
2009_2010,7,MATHEMATICS, 746  , 2.30  
2009_2010,7,MATHEMATICS, 746  , 2.30  
2009_2010,7,MATHEMATICS, 747  , 2.30  
2009_2010,7,MATHEMATICS, 748  , 2.30  
2009_2010,7,MATHEMATICS, 748  , 2.30  
2009_2010,7,MATHEMATICS, 749  , 2.30  
2009_2010,7,MATHEMATICS, 750  , 2.30  
2009_2010,7,MATHEMATICS, 750  , 2.30  
2009_2010,7,MATHEMATICS, 751  , 2.30  
2009_2010,7,MATHEMATICS, 751  , 2.30  
2009_2010,7,MATHEMATICS, 752  , 2.30  
2009_2010,7,MATHEMATICS, 753  , 2.40  
2009_2010,7,MATHEMATICS, 753  , 2.40  
2009_2010,7,MATHEMATICS, 754  , 2.40  
2009_2010,7,MATHEMATICS, 755  , 2.50  
2009_2010,7,MATHEMATICS, 756  , 2.50  
2009_2010,7,MATHEMATICS, 756  , 2.60  
2009_2010,7,MATHEMATICS, 757  , 2.60  
2009_2010,7,MATHEMATICS, 758  , 2.70  
2009_2010,7,MATHEMATICS, 759  , 2.80  
2009_2010,7,MATHEMATICS, 760  , 2.90  
2009_2010,7,MATHEMATICS, 761  , 3.00  
2009_2010,7,MATHEMATICS, 762  , 3.10  
2009_2010,7,MATHEMATICS, 763  , 3.30  
2009_2010,7,MATHEMATICS, 764  , 3.50  
2009_2010,7,MATHEMATICS, 765  , 3.70  
2009_2010,7,MATHEMATICS, 767  , 3.90  
2009_2010,7,MATHEMATICS, 769  , 4.30  
2009_2010,7,MATHEMATICS, 771  , 4.70  
2009_2010,7,MATHEMATICS, 773  , 5.40  
2009_2010,7,MATHEMATICS, 777  , 6.50  
2009_2010,7,MATHEMATICS, 780  , 8.60  
2009_2010,7,MATHEMATICS, 780  , 8.60  
2009_2010,8,MATHEMATICS, 800  , 10.00  
2009_2010,8,MATHEMATICS, 800  , 10.00  
2009_2010,8,MATHEMATICS, 800  , 10.00  
2009_2010,8,MATHEMATICS, 800  , 10.00  
2009_2010,8,MATHEMATICS, 800  , 10.00  
2009_2010,8,MATHEMATICS, 800  , 10.00  
2009_2010,8,MATHEMATICS, 813  , 9.00  
2009_2010,8,MATHEMATICS, 818  , 6.40  
2009_2010,8,MATHEMATICS, 821  , 5.20  
2009_2010,8,MATHEMATICS, 824  , 4.40  
2009_2010,8,MATHEMATICS, 825  , 3.90  
2009_2010,8,MATHEMATICS, 827  , 3.60  
2009_2010,8,MATHEMATICS, 828  , 3.30  
2009_2010,8,MATHEMATICS, 830  , 3.10  
2009_2010,8,MATHEMATICS, 831  , 3.00  
2009_2010,8,MATHEMATICS, 832  , 2.80  
2009_2010,8,MATHEMATICS, 833  , 2.70  
2009_2010,8,MATHEMATICS, 833  , 2.60  
2009_2010,8,MATHEMATICS, 834  , 2.50  
2009_2010,8,MATHEMATICS, 835  , 2.50  
2009_2010,8,MATHEMATICS, 836  , 2.40  
2009_2010,8,MATHEMATICS, 836  , 2.40  
2009_2010,8,MATHEMATICS, 837  , 2.30  
2009_2010,8,MATHEMATICS, 838  , 2.30  
2009_2010,8,MATHEMATICS, 838  , 2.20  
2009_2010,8,MATHEMATICS, 839  , 2.20  
2009_2010,8,MATHEMATICS, 839  , 2.20  
2009_2010,8,MATHEMATICS, 840  , 2.20  
2009_2010,8,MATHEMATICS, 841  , 2.10  
2009_2010,8,MATHEMATICS, 841  , 2.10  
2009_2010,8,MATHEMATICS, 842  , 2.10  
2009_2010,8,MATHEMATICS, 842  , 2.10  
2009_2010,8,MATHEMATICS, 843  , 2.10  
2009_2010,8,MATHEMATICS, 844  , 2.10  
2009_2010,8,MATHEMATICS, 844  , 2.10  
2009_2010,8,MATHEMATICS, 845  , 2.10  
2009_2010,8,MATHEMATICS, 845  , 2.10  
2009_2010,8,MATHEMATICS, 846  , 2.10  
2009_2010,8,MATHEMATICS, 846  , 2.10  
2009_2010,8,MATHEMATICS, 847  , 2.10  
2009_2010,8,MATHEMATICS, 847  , 2.10  
2009_2010,8,MATHEMATICS, 848  , 2.10  
2009_2010,8,MATHEMATICS, 849  , 2.10  
2009_2010,8,MATHEMATICS, 849  , 2.10  
2009_2010,8,MATHEMATICS, 850  , 2.20  
2009_2010,8,MATHEMATICS, 850  , 2.20  
2009_2010,8,MATHEMATICS, 851  , 2.20  
2009_2010,8,MATHEMATICS, 852  , 2.20  
2009_2010,8,MATHEMATICS, 852  , 2.30  
2009_2010,8,MATHEMATICS, 853  , 2.30  
2009_2010,8,MATHEMATICS, 854  , 2.30  
2009_2010,8,MATHEMATICS, 855  , 2.40  
2009_2010,8,MATHEMATICS, 855  , 2.40  
2009_2010,8,MATHEMATICS, 856  , 2.50  
2009_2010,8,MATHEMATICS, 857  , 2.50  
2009_2010,8,MATHEMATICS, 858  , 2.60  
2009_2010,8,MATHEMATICS, 859  , 2.70  
2009_2010,8,MATHEMATICS, 860  , 2.80  
2009_2010,8,MATHEMATICS, 861  , 3.00  
2009_2010,8,MATHEMATICS, 863  , 3.20  
2009_2010,8,MATHEMATICS, 864  , 3.40  
2009_2010,8,MATHEMATICS, 866  , 3.80  
2009_2010,8,MATHEMATICS, 868  , 4.20  
2009_2010,8,MATHEMATICS, 871  , 4.90  
2009_2010,8,MATHEMATICS, 874  , 6.00  
2009_2010,8,MATHEMATICS, 880  , 8.30  
2009_2010,8,MATHEMATICS, 880  , 8.50  
2009_2010,11,MATHEMATICS, 1100  , 10.00  
2009_2010,11,MATHEMATICS, 1100  , 10.00  
2009_2010,11,MATHEMATICS, 1100  , 10.00  
2009_2010,11,MATHEMATICS, 1100  , 10.00  
2009_2010,11,MATHEMATICS, 1100  , 10.00  
2009_2010,11,MATHEMATICS, 1112  , 10.00  
2009_2010,11,MATHEMATICS, 1118  , 5.80  
2009_2010,11,MATHEMATICS, 1121  , 4.40  
2009_2010,11,MATHEMATICS, 1123  , 3.80  
2009_2010,11,MATHEMATICS, 1125  , 3.30  
2009_2010,11,MATHEMATICS, 1126  , 3.00  
2009_2010,11,MATHEMATICS, 1128  , 2.80  
2009_2010,11,MATHEMATICS, 1129  , 2.60  
2009_2010,11,MATHEMATICS, 1130  , 2.50  
2009_2010,11,MATHEMATICS, 1130  , 2.40  
2009_2010,11,MATHEMATICS, 1131  , 2.30  
2009_2010,11,MATHEMATICS, 1132  , 2.20  
2009_2010,11,MATHEMATICS, 1133  , 2.10  
2009_2010,11,MATHEMATICS, 1133  , 2.10  
2009_2010,11,MATHEMATICS, 1134  , 2.00  
2009_2010,11,MATHEMATICS, 1135  , 2.00  
2009_2010,11,MATHEMATICS, 1135  , 1.90  
2009_2010,11,MATHEMATICS, 1136  , 1.90  
2009_2010,11,MATHEMATICS, 1136  , 1.80  
2009_2010,11,MATHEMATICS, 1137  , 1.80  
2009_2010,11,MATHEMATICS, 1137  , 1.80  
2009_2010,11,MATHEMATICS, 1138  , 1.80  
2009_2010,11,MATHEMATICS, 1138  , 1.70  
2009_2010,11,MATHEMATICS, 1139  , 1.70  
2009_2010,11,MATHEMATICS, 1139  , 1.70  
2009_2010,11,MATHEMATICS, 1139  , 1.70  
2009_2010,11,MATHEMATICS, 1140  , 1.70  
2009_2010,11,MATHEMATICS, 1141  , 1.70  
2009_2010,11,MATHEMATICS, 1141  , 1.70  
2009_2010,11,MATHEMATICS, 1142  , 1.60  
2009_2010,11,MATHEMATICS, 1142  , 1.60  
2009_2010,11,MATHEMATICS, 1143  , 1.60  
2009_2010,11,MATHEMATICS, 1143  , 1.70  
2009_2010,11,MATHEMATICS, 1144  , 1.70  
2009_2010,11,MATHEMATICS, 1144  , 1.70  
2009_2010,11,MATHEMATICS, 1145  , 1.70  
2009_2010,11,MATHEMATICS, 1145  , 1.70  
2009_2010,11,MATHEMATICS, 1146  , 1.70  
2009_2010,11,MATHEMATICS, 1146  , 1.70  
2009_2010,11,MATHEMATICS, 1147  , 1.70  
2009_2010,11,MATHEMATICS, 1147  , 1.80  
2009_2010,11,MATHEMATICS, 1148  , 1.80  
2009_2010,11,MATHEMATICS, 1148  , 1.80  
2009_2010,11,MATHEMATICS, 1149  , 1.80  
2009_2010,11,MATHEMATICS, 1149  , 1.90  
2009_2010,11,MATHEMATICS, 1150  , 1.90  
2009_2010,11,MATHEMATICS, 1151  , 2.00  
2009_2010,11,MATHEMATICS, 1151  , 2.00  
2009_2010,11,MATHEMATICS, 1151  , 2.10  
2009_2010,11,MATHEMATICS, 1153  , 2.20  
2009_2010,11,MATHEMATICS, 1154  , 2.30  
2009_2010,11,MATHEMATICS, 1154  , 2.40  
2009_2010,11,MATHEMATICS, 1155  , 2.50  
2009_2010,11,MATHEMATICS, 1156  , 2.70  
2009_2010,11,MATHEMATICS, 1158  , 2.90  
2009_2010,11,MATHEMATICS, 1159  , 3.10  
2009_2010,11,MATHEMATICS, 1161  , 3.50  
2009_2010,11,MATHEMATICS, 1163  , 4.30  
2009_2010,11,MATHEMATICS, 1167  , 6.10  
2009_2010,11,MATHEMATICS, 1180  , 7.30  
2009_2010,3,READING, 300  , 10.00  
2009_2010,3,READING, 300  , 10.00  
2009_2010,3,READING, 300  , 10.00  
2009_2010,3,READING, 300  , 10.00  
2009_2010,3,READING, 300  , 10.00  
2009_2010,3,READING, 300  , 10.00  
2009_2010,3,READING, 303  , 9.20  
2009_2010,3,READING, 307  , 7.80  
2009_2010,3,READING, 311  , 6.90  
2009_2010,3,READING, 314  , 6.20  
2009_2010,3,READING, 316  , 5.70  
2009_2010,3,READING, 318  , 5.30  
2009_2010,3,READING, 320  , 4.90  
2009_2010,3,READING, 321  , 4.50  
2009_2010,3,READING, 323  , 4.30  
2009_2010,3,READING, 324  , 4.00  
2009_2010,3,READING, 326  , 3.80  
2009_2010,3,READING, 327  , 3.70  
2009_2010,3,READING, 328  , 3.50  
2009_2010,3,READING, 329  , 3.40  
2009_2010,3,READING, 330  , 3.30  
2009_2010,3,READING, 331  , 3.20  
2009_2010,3,READING, 332  , 3.20  
2009_2010,3,READING, 333  , 3.10  
2009_2010,3,READING, 334  , 3.10  
2009_2010,3,READING, 335  , 3.10  
2009_2010,3,READING, 336  , 3.10  
2009_2010,3,READING, 337  , 3.00  
2009_2010,3,READING, 338  , 3.00  
2009_2010,3,READING, 338  , 3.00  
2009_2010,3,READING, 339  , 3.10  
2009_2010,3,READING, 340  , 3.10  
2009_2010,3,READING, 341  , 3.10  
2009_2010,3,READING, 342  , 3.20  
2009_2010,3,READING, 343  , 3.20  
2009_2010,3,READING, 344  , 3.30  
2009_2010,3,READING, 346  , 3.30  
2009_2010,3,READING, 347  , 3.40  
2009_2010,3,READING, 348  , 3.50  
2009_2010,3,READING, 349  , 3.60  
2009_2010,3,READING, 350  , 3.70  
2009_2010,3,READING, 352  , 3.90  
2009_2010,3,READING, 353  , 4.10  
2009_2010,3,READING, 355  , 4.30  
2009_2010,3,READING, 356  , 4.60  
2009_2010,3,READING, 359  , 4.90  
2009_2010,3,READING, 361  , 5.30  
2009_2010,3,READING, 364  , 5.80  
2009_2010,3,READING, 368  , 6.60  
2009_2010,3,READING, 372  , 7.80  
2009_2010,3,READING, 378  , 9.90  
2009_2010,3,READING, 380  , 10.00  
2009_2010,3,READING, 380  , 10.00  
2009_2010,4,READING, 400  , 10.00  
2009_2010,4,READING, 400  , 10.00  
2009_2010,4,READING, 400  , 10.00  
2009_2010,4,READING, 400  , 10.00  
2009_2010,4,READING, 400  , 10.00  
2009_2010,4,READING, 400  , 10.00  
2009_2010,4,READING, 400  , 10.00  
2009_2010,4,READING, 400  , 10.00  
2009_2010,4,READING, 400  , 10.00  
2009_2010,4,READING, 405  , 8.30  
2009_2010,4,READING, 409  , 7.10  
2009_2010,4,READING, 412  , 6.30  
2009_2010,4,READING, 414  , 5.70  
2009_2010,4,READING, 417  , 5.30  
2009_2010,4,READING, 419  , 4.90  
2009_2010,4,READING, 421  , 4.70  
2009_2010,4,READING, 422  , 4.50  
2009_2010,4,READING, 424  , 4.30  
2009_2010,4,READING, 425  , 4.10  
2009_2010,4,READING, 427  , 4.00  
2009_2010,4,READING, 428  , 3.80  
2009_2010,4,READING, 429  , 3.70  
2009_2010,4,READING, 430  , 3.60  
2009_2010,4,READING, 432  , 3.50  
2009_2010,4,READING, 433  , 3.40  
2009_2010,4,READING, 434  , 3.30  
2009_2010,4,READING, 435  , 3.20  
2009_2010,4,READING, 436  , 3.20  
2009_2010,4,READING, 437  , 3.10  
2009_2010,4,READING, 438  , 3.10  
2009_2010,4,READING, 439  , 3.10  
2009_2010,4,READING, 440  , 3.10  
2009_2010,4,READING, 441  , 3.10  
2009_2010,4,READING, 442  , 3.10  
2009_2010,4,READING, 443  , 3.20  
2009_2010,4,READING, 445  , 3.20  
2009_2010,4,READING, 446  , 3.30  
2009_2010,4,READING, 447  , 3.40  
2009_2010,4,READING, 448  , 3.50  
2009_2010,4,READING, 450  , 3.70  
2009_2010,4,READING, 451  , 3.90  
2009_2010,4,READING, 453  , 4.10  
2009_2010,4,READING, 455  , 4.40  
2009_2010,4,READING, 457  , 4.70  
2009_2010,4,READING, 459  , 5.10  
2009_2010,4,READING, 462  , 5.50  
2009_2010,4,READING, 465  , 6.00  
2009_2010,4,READING, 468  , 6.50  
2009_2010,4,READING, 472  , 7.00  
2009_2010,4,READING, 477  , 7.60  
2009_2010,4,READING, 480  , 8.50  
2009_2010,4,READING, 480  , 9.50  
2009_2010,4,READING, 480  , 9.50  
2009_2010,5,READING, 500  , 10.00  
2009_2010,5,READING, 500  , 10.00  
2009_2010,5,READING, 500  , 10.00  
2009_2010,5,READING, 500  , 10.00  
2009_2010,5,READING, 500  , 8.80  
2009_2010,5,READING, 504  , 6.90  
2009_2010,5,READING, 508  , 5.80  
2009_2010,5,READING, 511  , 5.20  
2009_2010,5,READING, 513  , 4.80  
2009_2010,5,READING, 515  , 4.50  
2009_2010,5,READING, 517  , 4.20  
2009_2010,5,READING, 519  , 4.10  
2009_2010,5,READING, 520  , 3.90  
2009_2010,5,READING, 522  , 3.80  
2009_2010,5,READING, 523  , 3.80  
2009_2010,5,READING, 525  , 3.70  
2009_2010,5,READING, 526  , 3.60  
2009_2010,5,READING, 527  , 3.60  
2009_2010,5,READING, 528  , 3.50  
2009_2010,5,READING, 529  , 3.50  
2009_2010,5,READING, 531  , 3.40  
2009_2010,5,READING, 532  , 3.40  
2009_2010,5,READING, 533  , 3.40  
2009_2010,5,READING, 534  , 3.40  
2009_2010,5,READING, 536  , 3.40  
2009_2010,5,READING, 537  , 3.40  
2009_2010,5,READING, 538  , 3.40  
2009_2010,5,READING, 539  , 3.50  
2009_2010,5,READING, 540  , 3.50  
2009_2010,5,READING, 542  , 3.60  
2009_2010,5,READING, 543  , 3.60  
2009_2010,5,READING, 545  , 3.70  
2009_2010,5,READING, 546  , 3.80  
2009_2010,5,READING, 547  , 3.90  
2009_2010,5,READING, 549  , 4.00  
2009_2010,5,READING, 551  , 4.10  
2009_2010,5,READING, 552  , 4.20  
2009_2010,5,READING, 554  , 4.30  
2009_2010,5,READING, 555  , 4.40  
2009_2010,5,READING, 558  , 4.40  
2009_2010,5,READING, 560  , 4.50  
2009_2010,5,READING, 562  , 4.50  
2009_2010,5,READING, 564  , 4.60  
2009_2010,5,READING, 567  , 4.70  
2009_2010,5,READING, 569  , 4.70  
2009_2010,5,READING, 571  , 4.80  
2009_2010,5,READING, 574  , 4.90  
2009_2010,5,READING, 576  , 5.00  
2009_2010,5,READING, 579  , 5.20  
2009_2010,5,READING, 580  , 5.60  
2009_2010,5,READING, 580  , 6.60  
2009_2010,5,READING, 580  , 7.50  
2009_2010,5,READING, 580  , 7.50  
2009_2010,6,READING, 600  , 10.00  
2009_2010,6,READING, 600  , 10.00  
2009_2010,6,READING, 600  , 10.00  
2009_2010,6,READING, 600  , 10.00  
2009_2010,6,READING, 600  , 9.60  
2009_2010,6,READING, 604  , 7.20  
2009_2010,6,READING, 608  , 5.90  
2009_2010,6,READING, 611  , 5.20  
2009_2010,6,READING, 613  , 4.70  
2009_2010,6,READING, 615  , 4.30  
2009_2010,6,READING, 617  , 4.00  
2009_2010,6,READING, 618  , 3.80  
2009_2010,6,READING, 620  , 3.70  
2009_2010,6,READING, 621  , 3.50  
2009_2010,6,READING, 622  , 3.40  
2009_2010,6,READING, 624  , 3.30  
2009_2010,6,READING, 625  , 3.30  
2009_2010,6,READING, 626  , 3.20  
2009_2010,6,READING, 627  , 3.20  
2009_2010,6,READING, 628  , 3.10  
2009_2010,6,READING, 629  , 3.10  
2009_2010,6,READING, 630  , 3.10  
2009_2010,6,READING, 631  , 3.10  
2009_2010,6,READING, 633  , 3.10  
2009_2010,6,READING, 634  , 3.10  
2009_2010,6,READING, 635  , 3.20  
2009_2010,6,READING, 636  , 3.20  
2009_2010,6,READING, 637  , 3.30  
2009_2010,6,READING, 638  , 3.30  
2009_2010,6,READING, 639  , 3.40  
2009_2010,6,READING, 641  , 3.50  
2009_2010,6,READING, 642  , 3.60  
2009_2010,6,READING, 644  , 3.70  
2009_2010,6,READING, 645  , 3.80  
2009_2010,6,READING, 647  , 3.90  
2009_2010,6,READING, 648  , 4.00  
2009_2010,6,READING, 650  , 4.10  
2009_2010,6,READING, 652  , 4.30  
2009_2010,6,READING, 653  , 4.40  
2009_2010,6,READING, 655  , 4.50  
2009_2010,6,READING, 657  , 4.60  
2009_2010,6,READING, 659  , 4.60  
2009_2010,6,READING, 662  , 4.70  
2009_2010,6,READING, 664  , 4.80  
2009_2010,6,READING, 666  , 4.90  
2009_2010,6,READING, 668  , 5.00  
2009_2010,6,READING, 671  , 5.10  
2009_2010,6,READING, 674  , 5.20  
2009_2010,6,READING, 677  , 5.50  
2009_2010,6,READING, 680  , 5.90  
2009_2010,6,READING, 680  , 6.90  
2009_2010,6,READING, 680  , 9.50  
2009_2010,6,READING, 680  , 9.50  
2009_2010,7,READING, 700  , 10.00  
2009_2010,7,READING, 700  , 10.00  
2009_2010,7,READING, 700  , 10.00  
2009_2010,7,READING, 700  , 9.70  
2009_2010,7,READING, 702  , 7.70  
2009_2010,7,READING, 706  , 6.20  
2009_2010,7,READING, 709  , 5.40  
2009_2010,7,READING, 712  , 4.90  
2009_2010,7,READING, 714  , 4.50  
2009_2010,7,READING, 716  , 4.30  
2009_2010,7,READING, 718  , 4.10  
2009_2010,7,READING, 719  , 3.90  
2009_2010,7,READING, 721  , 3.80  
2009_2010,7,READING, 722  , 3.60  
2009_2010,7,READING, 723  , 3.60  
2009_2010,7,READING, 725  , 3.50  
2009_2010,7,READING, 726  , 3.40  
2009_2010,7,READING, 727  , 3.40  
2009_2010,7,READING, 728  , 3.30  
2009_2010,7,READING, 729  , 3.30  
2009_2010,7,READING, 731  , 3.30  
2009_2010,7,READING, 732  , 3.20  
2009_2010,7,READING, 733  , 3.20  
2009_2010,7,READING, 734  , 3.20  
2009_2010,7,READING, 735  , 3.20  
2009_2010,7,READING, 736  , 3.30  
2009_2010,7,READING, 737  , 3.30  
2009_2010,7,READING, 738  , 3.30  
2009_2010,7,READING, 739  , 3.40  
2009_2010,7,READING, 741  , 3.40  
2009_2010,7,READING, 742  , 3.50  
2009_2010,7,READING, 743  , 3.50  
2009_2010,7,READING, 745  , 3.60  
2009_2010,7,READING, 746  , 3.60  
2009_2010,7,READING, 747  , 3.70  
2009_2010,7,READING, 749  , 3.80  
2009_2010,7,READING, 751  , 3.80  
2009_2010,7,READING, 752  , 3.90  
2009_2010,7,READING, 754  , 3.90  
2009_2010,7,READING, 756  , 3.90  
2009_2010,7,READING, 757  , 4.00  
2009_2010,7,READING, 759  , 4.00  
2009_2010,7,READING, 761  , 4.10  
2009_2010,7,READING, 763  , 4.20  
2009_2010,7,READING, 765  , 4.20  
2009_2010,7,READING, 767  , 4.30  
2009_2010,7,READING, 769  , 4.40  
2009_2010,7,READING, 772  , 4.50  
2009_2010,7,READING, 774  , 4.70  
2009_2010,7,READING, 777  , 5.00  
2009_2010,7,READING, 780  , 5.80  
2009_2010,7,READING, 780  , 7.90  
2009_2010,7,READING, 780  , 10.00  
2009_2010,8,READING, 800  , 10.00  
2009_2010,8,READING, 800  , 10.00  
2009_2010,8,READING, 800  , 10.00  
2009_2010,8,READING, 800  , 10.00  
2009_2010,8,READING, 800  , 8.80  
2009_2010,8,READING, 800  , 7.60  
2009_2010,8,READING, 804  , 6.30  
2009_2010,8,READING, 808  , 5.60  
2009_2010,8,READING, 810  , 5.10  
2009_2010,8,READING, 812  , 4.70  
2009_2010,8,READING, 814  , 4.50  
2009_2010,8,READING, 816  , 4.30  
2009_2010,8,READING, 818  , 4.10  
2009_2010,8,READING, 819  , 4.00  
2009_2010,8,READING, 821  , 3.90  
2009_2010,8,READING, 822  , 3.80  
2009_2010,8,READING, 824  , 3.70  
2009_2010,8,READING, 825  , 3.70  
2009_2010,8,READING, 826  , 3.60  
2009_2010,8,READING, 827  , 3.60  
2009_2010,8,READING, 829  , 3.60  
2009_2010,8,READING, 830  , 3.60  
2009_2010,8,READING, 831  , 3.60  
2009_2010,8,READING, 832  , 3.60  
2009_2010,8,READING, 834  , 3.60  
2009_2010,8,READING, 835  , 3.60  
2009_2010,8,READING, 836  , 3.60  
2009_2010,8,READING, 837  , 3.60  
2009_2010,8,READING, 839  , 3.60  
2009_2010,8,READING, 839  , 3.70  
2009_2010,8,READING, 841  , 3.70  
2009_2010,8,READING, 842  , 3.70  
2009_2010,8,READING, 844  , 3.80  
2009_2010,8,READING, 845  , 3.80  
2009_2010,8,READING, 847  , 3.80  
2009_2010,8,READING, 848  , 3.90  
2009_2010,8,READING, 850  , 3.90  
2009_2010,8,READING, 851  , 4.00  
2009_2010,8,READING, 853  , 4.00  
2009_2010,8,READING, 854  , 4.00  
2009_2010,8,READING, 856  , 4.10  
2009_2010,8,READING, 858  , 4.10  
2009_2010,8,READING, 859  , 4.20  
2009_2010,8,READING, 861  , 4.30  
2009_2010,8,READING, 863  , 4.40  
2009_2010,8,READING, 865  , 4.50  
2009_2010,8,READING, 868  , 4.60  
2009_2010,8,READING, 870  , 4.70  
2009_2010,8,READING, 873  , 5.00  
2009_2010,8,READING, 876  , 5.50  
2009_2010,8,READING, 880  , 6.60  
2009_2010,8,READING, 880  , 10.00  
2009_2010,8,READING, 880  , 10.00  
2009_2010,11,READING, 1100  , 10.00  
2009_2010,11,READING, 1100  , 10.00  
2009_2010,11,READING, 1100  , 10.00  
2009_2010,11,READING, 1100  , 10.00  
2009_2010,11,READING, 1101  , 10.00  
2009_2010,11,READING, 1107  , 7.20  
2009_2010,11,READING, 1110  , 5.60  
2009_2010,11,READING, 1113  , 4.70  
2009_2010,11,READING, 1115  , 4.10  
2009_2010,11,READING, 1117  , 3.70  
2009_2010,11,READING, 1119  , 3.50  
2009_2010,11,READING, 1120  , 3.30  
2009_2010,11,READING, 1122  , 3.10  
2009_2010,11,READING, 1123  , 3.00  
2009_2010,11,READING, 1124  , 3.00  
2009_2010,11,READING, 1125  , 2.90  
2009_2010,11,READING, 1126  , 2.90  
2009_2010,11,READING, 1127  , 2.80  
2009_2010,11,READING, 1128  , 2.80  
2009_2010,11,READING, 1129  , 2.80  
2009_2010,11,READING, 1129  , 2.80  
2009_2010,11,READING, 1131  , 2.80  
2009_2010,11,READING, 1132  , 2.80  
2009_2010,11,READING, 1133  , 2.80  
2009_2010,11,READING, 1134  , 2.80  
2009_2010,11,READING, 1135  , 2.80  
2009_2010,11,READING, 1136  , 2.80  
2009_2010,11,READING, 1137  , 2.90  
2009_2010,11,READING, 1138  , 2.90  
2009_2010,11,READING, 1139  , 2.90  
2009_2010,11,READING, 1140  , 3.00  
2009_2010,11,READING, 1142  , 3.10  
2009_2010,11,READING, 1143  , 3.10  
2009_2010,11,READING, 1144  , 3.20  
2009_2010,11,READING, 1146  , 3.20  
2009_2010,11,READING, 1147  , 3.30  
2009_2010,11,READING, 1148  , 3.30  
2009_2010,11,READING, 1150  , 3.30  
2009_2010,11,READING, 1151  , 3.30  
2009_2010,11,READING, 1153  , 3.30  
2009_2010,11,READING, 1153  , 3.30  
2009_2010,11,READING, 1156  , 3.40  
2009_2010,11,READING, 1157  , 3.40  
2009_2010,11,READING, 1159  , 3.50  
2009_2010,11,READING, 1161  , 3.50  
2009_2010,11,READING, 1162  , 3.50  
2009_2010,11,READING, 1164  , 3.60  
2009_2010,11,READING, 1166  , 3.70  
2009_2010,11,READING, 1169  , 3.90  
2009_2010,11,READING, 1171  , 4.30  
2009_2010,11,READING, 1175  , 5.40  
2009_2010,11,READING, 1180  , 9.20  
2009_2010,11,READING, 1180  , 10.00  
2010_2011,3,MATHEMATICS, 300  , 10.00  
2010_2011,3,MATHEMATICS, 300  , 10.00  
2010_2011,3,MATHEMATICS, 300  , 10.00  
2010_2011,3,MATHEMATICS, 300  , 10.00  
2010_2011,3,MATHEMATICS, 300  , 10.00  
2010_2011,3,MATHEMATICS, 300  , 10.00  
2010_2011,3,MATHEMATICS, 300  , 10.00  
2010_2011,3,MATHEMATICS, 303  , 8.80  
2010_2011,3,MATHEMATICS, 308  , 6.90  
2010_2011,3,MATHEMATICS, 311  , 5.90  
2010_2011,3,MATHEMATICS, 314  , 5.10  
2010_2011,3,MATHEMATICS, 316  , 4.60  
2010_2011,3,MATHEMATICS, 318  , 4.20  
2010_2011,3,MATHEMATICS, 320  , 3.90  
2010_2011,3,MATHEMATICS, 321  , 3.70  
2010_2011,3,MATHEMATICS, 322  , 3.50  
2010_2011,3,MATHEMATICS, 323  , 3.30  
2010_2011,3,MATHEMATICS, 324  , 3.20  
2010_2011,3,MATHEMATICS, 325  , 3.10  
2010_2011,3,MATHEMATICS, 326  , 3.00  
2010_2011,3,MATHEMATICS, 327  , 2.90  
2010_2011,3,MATHEMATICS, 328  , 2.80  
2010_2011,3,MATHEMATICS, 329  , 2.70  
2010_2011,3,MATHEMATICS, 330  , 2.70  
2010_2011,3,MATHEMATICS, 331  , 2.60  
2010_2011,3,MATHEMATICS, 331  , 2.60  
2010_2011,3,MATHEMATICS, 332  , 2.50  
2010_2011,3,MATHEMATICS, 333  , 2.50  
2010_2011,3,MATHEMATICS, 334  , 2.50  
2010_2011,3,MATHEMATICS, 334  , 2.50  
2010_2011,3,MATHEMATICS, 335  , 2.40  
2010_2011,3,MATHEMATICS, 336  , 2.40  
2010_2011,3,MATHEMATICS, 336  , 2.40  
2010_2011,3,MATHEMATICS, 337  , 2.40  
2010_2011,3,MATHEMATICS, 338  , 2.40  
2010_2011,3,MATHEMATICS, 338  , 2.40  
2010_2011,3,MATHEMATICS, 339  , 2.40  
2010_2011,3,MATHEMATICS, 339  , 2.40  
2010_2011,3,MATHEMATICS, 341  , 2.40  
2010_2011,3,MATHEMATICS, 341  , 2.40  
2010_2011,3,MATHEMATICS, 342  , 2.40  
2010_2011,3,MATHEMATICS, 343  , 2.40  
2010_2011,3,MATHEMATICS, 343  , 2.50  
2010_2011,3,MATHEMATICS, 344  , 2.50  
2010_2011,3,MATHEMATICS, 345  , 2.50  
2010_2011,3,MATHEMATICS, 346  , 2.50  
2010_2011,3,MATHEMATICS, 346  , 2.60  
2010_2011,3,MATHEMATICS, 347  , 2.60  
2010_2011,3,MATHEMATICS, 348  , 2.60  
2010_2011,3,MATHEMATICS, 349  , 2.70  
2010_2011,3,MATHEMATICS, 350  , 2.70  
2010_2011,3,MATHEMATICS, 351  , 2.70  
2010_2011,3,MATHEMATICS, 351  , 2.80  
2010_2011,3,MATHEMATICS, 352  , 2.90  
2010_2011,3,MATHEMATICS, 353  , 3.00  
2010_2011,3,MATHEMATICS, 355  , 3.10  
2010_2011,3,MATHEMATICS, 356  , 3.20  
2010_2011,3,MATHEMATICS, 357  , 3.30  
2010_2011,3,MATHEMATICS, 358  , 3.50  
2010_2011,3,MATHEMATICS, 360  , 3.80  
2010_2011,3,MATHEMATICS, 362  , 4.10  
2010_2011,3,MATHEMATICS, 364  , 4.60  
2010_2011,3,MATHEMATICS, 367  , 5.40  
2010_2011,3,MATHEMATICS, 371  , 6.70  
2010_2011,3,MATHEMATICS, 377  , 9.70  
2010_2011,3,MATHEMATICS, 380  , 10.00  
2010_2011,4,MATHEMATICS, 400  , 10.00  
2010_2011,4,MATHEMATICS, 400  , 10.00  
2010_2011,4,MATHEMATICS, 400  , 10.00  
2010_2011,4,MATHEMATICS, 400  , 10.00  
2010_2011,4,MATHEMATICS, 400  , 10.00  
2010_2011,4,MATHEMATICS, 400  , 10.00  
2010_2011,4,MATHEMATICS, 400  , 9.40  
2010_2011,4,MATHEMATICS, 400  , 8.40  
2010_2011,4,MATHEMATICS, 402  , 7.30  
2010_2011,4,MATHEMATICS, 406  , 6.40  
2010_2011,4,MATHEMATICS, 408  , 5.80  
2010_2011,4,MATHEMATICS, 411  , 5.30  
2010_2011,4,MATHEMATICS, 413  , 4.90  
2010_2011,4,MATHEMATICS, 415  , 4.60  
2010_2011,4,MATHEMATICS, 416  , 4.30  
2010_2011,4,MATHEMATICS, 418  , 4.10  
2010_2011,4,MATHEMATICS, 419  , 4.00  
2010_2011,4,MATHEMATICS, 420  , 3.80  
2010_2011,4,MATHEMATICS, 422  , 3.70  
2010_2011,4,MATHEMATICS, 423  , 3.60  
2010_2011,4,MATHEMATICS, 424  , 3.50  
2010_2011,4,MATHEMATICS, 425  , 3.40  
2010_2011,4,MATHEMATICS, 426  , 3.30  
2010_2011,4,MATHEMATICS, 427  , 3.30  
2010_2011,4,MATHEMATICS, 428  , 3.20  
2010_2011,4,MATHEMATICS, 429  , 3.20  
2010_2011,4,MATHEMATICS, 430  , 3.10  
2010_2011,4,MATHEMATICS, 430  , 3.10  
2010_2011,4,MATHEMATICS, 432  , 3.10  
2010_2011,4,MATHEMATICS, 433  , 3.10  
2010_2011,4,MATHEMATICS, 434  , 3.00  
2010_2011,4,MATHEMATICS, 435  , 3.00  
2010_2011,4,MATHEMATICS, 436  , 3.00  
2010_2011,4,MATHEMATICS, 436  , 3.00  
2010_2011,4,MATHEMATICS, 437  , 3.00  
2010_2011,4,MATHEMATICS, 438  , 3.00  
2010_2011,4,MATHEMATICS, 439  , 3.00  
2010_2011,4,MATHEMATICS, 439  , 3.00  
2010_2011,4,MATHEMATICS, 441  , 3.00  
2010_2011,4,MATHEMATICS, 442  , 2.90  
2010_2011,4,MATHEMATICS, 443  , 2.90  
2010_2011,4,MATHEMATICS, 443  , 2.90  
2010_2011,4,MATHEMATICS, 444  , 2.90  
2010_2011,4,MATHEMATICS, 445  , 2.90  
2010_2011,4,MATHEMATICS, 446  , 2.90  
2010_2011,4,MATHEMATICS, 447  , 2.90  
2010_2011,4,MATHEMATICS, 448  , 2.90  
2010_2011,4,MATHEMATICS, 449  , 3.00  
2010_2011,4,MATHEMATICS, 450  , 3.00  
2010_2011,4,MATHEMATICS, 451  , 3.00  
2010_2011,4,MATHEMATICS, 452  , 3.00  
2010_2011,4,MATHEMATICS, 453  , 3.00  
2010_2011,4,MATHEMATICS, 454  , 3.10  
2010_2011,4,MATHEMATICS, 455  , 3.10  
2010_2011,4,MATHEMATICS, 456  , 3.20  
2010_2011,4,MATHEMATICS, 457  , 3.20  
2010_2011,4,MATHEMATICS, 459  , 3.30  
2010_2011,4,MATHEMATICS, 460  , 3.50  
2010_2011,4,MATHEMATICS, 462  , 3.70  
2010_2011,4,MATHEMATICS, 463  , 3.90  
2010_2011,4,MATHEMATICS, 465  , 4.30  
2010_2011,4,MATHEMATICS, 468  , 4.80  
2010_2011,4,MATHEMATICS, 471  , 5.70  
2010_2011,4,MATHEMATICS, 476  , 7.30  
2010_2011,4,MATHEMATICS, 480  , 10.00  
2010_2011,4,MATHEMATICS, 480  , 10.00  
2010_2011,5,MATHEMATICS, 500  , 10.00  
2010_2011,5,MATHEMATICS, 500  , 10.00  
2010_2011,5,MATHEMATICS, 500  , 10.00  
2010_2011,5,MATHEMATICS, 500  , 10.00  
2010_2011,5,MATHEMATICS, 500  , 10.00  
2010_2011,5,MATHEMATICS, 500  , 10.00  
2010_2011,5,MATHEMATICS, 500  , 10.00  
2010_2011,5,MATHEMATICS, 506  , 9.10  
2010_2011,5,MATHEMATICS, 511  , 7.20  
2010_2011,5,MATHEMATICS, 514  , 6.10  
2010_2011,5,MATHEMATICS, 517  , 5.40  
2010_2011,5,MATHEMATICS, 519  , 4.90  
2010_2011,5,MATHEMATICS, 521  , 4.50  
2010_2011,5,MATHEMATICS, 523  , 4.20  
2010_2011,5,MATHEMATICS, 524  , 4.00  
2010_2011,5,MATHEMATICS, 526  , 3.80  
2010_2011,5,MATHEMATICS, 527  , 3.60  
2010_2011,5,MATHEMATICS, 528  , 3.50  
2010_2011,5,MATHEMATICS, 529  , 3.40  
2010_2011,5,MATHEMATICS, 530  , 3.30  
2010_2011,5,MATHEMATICS, 531  , 3.20  
2010_2011,5,MATHEMATICS, 532  , 3.10  
2010_2011,5,MATHEMATICS, 532  , 3.10  
2010_2011,5,MATHEMATICS, 534  , 3.00  
2010_2011,5,MATHEMATICS, 535  , 2.90  
2010_2011,5,MATHEMATICS, 535  , 2.90  
2010_2011,5,MATHEMATICS, 536  , 2.80  
2010_2011,5,MATHEMATICS, 537  , 2.80  
2010_2011,5,MATHEMATICS, 538  , 2.80  
2010_2011,5,MATHEMATICS, 538  , 2.70  
2010_2011,5,MATHEMATICS, 539  , 2.70  
2010_2011,5,MATHEMATICS, 539  , 2.70  
2010_2011,5,MATHEMATICS, 541  , 2.60  
2010_2011,5,MATHEMATICS, 541  , 2.60  
2010_2011,5,MATHEMATICS, 542  , 2.60  
2010_2011,5,MATHEMATICS, 543  , 2.60  
2010_2011,5,MATHEMATICS, 543  , 2.60  
2010_2011,5,MATHEMATICS, 544  , 2.50  
2010_2011,5,MATHEMATICS, 545  , 2.50  
2010_2011,5,MATHEMATICS, 545  , 2.50  
2010_2011,5,MATHEMATICS, 546  , 2.50  
2010_2011,5,MATHEMATICS, 547  , 2.50  
2010_2011,5,MATHEMATICS, 547  , 2.50  
2010_2011,5,MATHEMATICS, 548  , 2.50  
2010_2011,5,MATHEMATICS, 549  , 2.50  
2010_2011,5,MATHEMATICS, 549  , 2.50  
2010_2011,5,MATHEMATICS, 550  , 2.50  
2010_2011,5,MATHEMATICS, 551  , 2.50  
2010_2011,5,MATHEMATICS, 552  , 2.50  
2010_2011,5,MATHEMATICS, 552  , 2.60  
2010_2011,5,MATHEMATICS, 553  , 2.60  
2010_2011,5,MATHEMATICS, 553  , 2.60  
2010_2011,5,MATHEMATICS, 555  , 2.70  
2010_2011,5,MATHEMATICS, 556  , 2.80  
2010_2011,5,MATHEMATICS, 556  , 2.80  
2010_2011,5,MATHEMATICS, 557  , 2.90  
2010_2011,5,MATHEMATICS, 558  , 3.00  
2010_2011,5,MATHEMATICS, 560  , 3.20  
2010_2011,5,MATHEMATICS, 561  , 3.30  
2010_2011,5,MATHEMATICS, 562  , 3.50  
2010_2011,5,MATHEMATICS, 564  , 3.80  
2010_2011,5,MATHEMATICS, 565  , 4.10  
2010_2011,5,MATHEMATICS, 567  , 4.50  
2010_2011,5,MATHEMATICS, 570  , 5.20  
2010_2011,5,MATHEMATICS, 574  , 6.30  
2010_2011,5,MATHEMATICS, 580  , 9.00  
2010_2011,5,MATHEMATICS, 580  , 10.00  
2010_2011,6,MATHEMATICS, 600  , 10.00  
2010_2011,6,MATHEMATICS, 600  , 10.00  
2010_2011,6,MATHEMATICS, 600  , 10.00  
2010_2011,6,MATHEMATICS, 600  , 10.00  
2010_2011,6,MATHEMATICS, 600  , 10.00  
2010_2011,6,MATHEMATICS, 600  , 10.00  
2010_2011,6,MATHEMATICS, 606  , 10.00  
2010_2011,6,MATHEMATICS, 613  , 7.60  
2010_2011,6,MATHEMATICS, 616  , 6.00  
2010_2011,6,MATHEMATICS, 619  , 5.20  
2010_2011,6,MATHEMATICS, 621  , 4.60  
2010_2011,6,MATHEMATICS, 623  , 4.20  
2010_2011,6,MATHEMATICS, 625  , 3.90  
2010_2011,6,MATHEMATICS, 626  , 3.70  
2010_2011,6,MATHEMATICS, 627  , 3.50  
2010_2011,6,MATHEMATICS, 628  , 3.40  
2010_2011,6,MATHEMATICS, 630  , 3.30  
2010_2011,6,MATHEMATICS, 631  , 3.20  
2010_2011,6,MATHEMATICS, 632  , 3.10  
2010_2011,6,MATHEMATICS, 632  , 3.00  
2010_2011,6,MATHEMATICS, 633  , 3.00  
2010_2011,6,MATHEMATICS, 634  , 2.90  
2010_2011,6,MATHEMATICS, 635  , 2.80  
2010_2011,6,MATHEMATICS, 636  , 2.80  
2010_2011,6,MATHEMATICS, 637  , 2.80  
2010_2011,6,MATHEMATICS, 637  , 2.70  
2010_2011,6,MATHEMATICS, 638  , 2.70  
2010_2011,6,MATHEMATICS, 639  , 2.70  
2010_2011,6,MATHEMATICS, 639  , 2.60  
2010_2011,6,MATHEMATICS, 640  , 2.60  
2010_2011,6,MATHEMATICS, 641  , 2.60  
2010_2011,6,MATHEMATICS, 642  , 2.60  
2010_2011,6,MATHEMATICS, 642  , 2.60  
2010_2011,6,MATHEMATICS, 643  , 2.50  
2010_2011,6,MATHEMATICS, 644  , 2.50  
2010_2011,6,MATHEMATICS, 644  , 2.50  
2010_2011,6,MATHEMATICS, 645  , 2.50  
2010_2011,6,MATHEMATICS, 646  , 2.50  
2010_2011,6,MATHEMATICS, 646  , 2.50  
2010_2011,6,MATHEMATICS, 647  , 2.50  
2010_2011,6,MATHEMATICS, 648  , 2.50  
2010_2011,6,MATHEMATICS, 648  , 2.50  
2010_2011,6,MATHEMATICS, 649  , 2.50  
2010_2011,6,MATHEMATICS, 650  , 2.50  
2010_2011,6,MATHEMATICS, 650  , 2.50  
2010_2011,6,MATHEMATICS, 651  , 2.50  
2010_2011,6,MATHEMATICS, 652  , 2.60  
2010_2011,6,MATHEMATICS, 652  , 2.60  
2010_2011,6,MATHEMATICS, 653  , 2.60  
2010_2011,6,MATHEMATICS, 654  , 2.70  
2010_2011,6,MATHEMATICS, 655  , 2.70  
2010_2011,6,MATHEMATICS, 656  , 2.80  
2010_2011,6,MATHEMATICS, 657  , 2.80  
2010_2011,6,MATHEMATICS, 658  , 2.90  
2010_2011,6,MATHEMATICS, 658  , 3.00  
2010_2011,6,MATHEMATICS, 659  , 3.10  
2010_2011,6,MATHEMATICS, 661  , 3.30  
2010_2011,6,MATHEMATICS, 662  , 3.40  
2010_2011,6,MATHEMATICS, 663  , 3.60  
2010_2011,6,MATHEMATICS, 665  , 3.90  
2010_2011,6,MATHEMATICS, 666  , 4.20  
2010_2011,6,MATHEMATICS, 668  , 4.70  
2010_2011,6,MATHEMATICS, 671  , 5.30  
2010_2011,6,MATHEMATICS, 674  , 6.30  
2010_2011,6,MATHEMATICS, 679  , 7.90  
2010_2011,6,MATHEMATICS, 680  , 10.00  
2010_2011,6,MATHEMATICS, 680  , 10.00  
2010_2011,7,MATHEMATICS, 700  , 10.00  
2010_2011,7,MATHEMATICS, 700  , 10.00  
2010_2011,7,MATHEMATICS, 700  , 10.00  
2010_2011,7,MATHEMATICS, 700  , 10.00  
2010_2011,7,MATHEMATICS, 700  , 10.00  
2010_2011,7,MATHEMATICS, 702  , 10.00  
2010_2011,7,MATHEMATICS, 711  , 9.20  
2010_2011,7,MATHEMATICS, 716  , 7.00  
2010_2011,7,MATHEMATICS, 719  , 5.80  
2010_2011,7,MATHEMATICS, 722  , 5.00  
2010_2011,7,MATHEMATICS, 724  , 4.40  
2010_2011,7,MATHEMATICS, 726  , 4.10  
2010_2011,7,MATHEMATICS, 727  , 3.80  
2010_2011,7,MATHEMATICS, 729  , 3.50  
2010_2011,7,MATHEMATICS, 730  , 3.40  
2010_2011,7,MATHEMATICS, 731  , 3.20  
2010_2011,7,MATHEMATICS, 732  , 3.10  
2010_2011,7,MATHEMATICS, 733  , 3.00  
2010_2011,7,MATHEMATICS, 734  , 2.90  
2010_2011,7,MATHEMATICS, 735  , 2.80  
2010_2011,7,MATHEMATICS, 736  , 2.80  
2010_2011,7,MATHEMATICS, 737  , 2.70  
2010_2011,7,MATHEMATICS, 737  , 2.60  
2010_2011,7,MATHEMATICS, 738  , 2.60  
2010_2011,7,MATHEMATICS, 739  , 2.60  
2010_2011,7,MATHEMATICS, 739  , 2.50  
2010_2011,7,MATHEMATICS, 740  , 2.50  
2010_2011,7,MATHEMATICS, 741  , 2.50  
2010_2011,7,MATHEMATICS, 742  , 2.40  
2010_2011,7,MATHEMATICS, 742  , 2.40  
2010_2011,7,MATHEMATICS, 743  , 2.40  
2010_2011,7,MATHEMATICS, 744  , 2.40  
2010_2011,7,MATHEMATICS, 744  , 2.40  
2010_2011,7,MATHEMATICS, 745  , 2.30  
2010_2011,7,MATHEMATICS, 746  , 2.30  
2010_2011,7,MATHEMATICS, 746  , 2.30  
2010_2011,7,MATHEMATICS, 747  , 2.30  
2010_2011,7,MATHEMATICS, 747  , 2.30  
2010_2011,7,MATHEMATICS, 748  , 2.30  
2010_2011,7,MATHEMATICS, 749  , 2.30  
2010_2011,7,MATHEMATICS, 749  , 2.30  
2010_2011,7,MATHEMATICS, 750  , 2.30  
2010_2011,7,MATHEMATICS, 751  , 2.40  
2010_2011,7,MATHEMATICS, 751  , 2.40  
2010_2011,7,MATHEMATICS, 751  , 2.40  
2010_2011,7,MATHEMATICS, 753  , 2.40  
2010_2011,7,MATHEMATICS, 753  , 2.40  
2010_2011,7,MATHEMATICS, 754  , 2.50  
2010_2011,7,MATHEMATICS, 755  , 2.50  
2010_2011,7,MATHEMATICS, 756  , 2.60  
2010_2011,7,MATHEMATICS, 756  , 2.60  
2010_2011,7,MATHEMATICS, 757  , 2.70  
2010_2011,7,MATHEMATICS, 758  , 2.70  
2010_2011,7,MATHEMATICS, 759  , 2.80  
2010_2011,7,MATHEMATICS, 760  , 2.90  
2010_2011,7,MATHEMATICS, 761  , 3.00  
2010_2011,7,MATHEMATICS, 762  , 3.10  
2010_2011,7,MATHEMATICS, 764  , 3.30  
2010_2011,7,MATHEMATICS, 765  , 3.50  
2010_2011,7,MATHEMATICS, 767  , 3.80  
2010_2011,7,MATHEMATICS, 769  , 4.20  
2010_2011,7,MATHEMATICS, 771  , 4.90  
2010_2011,7,MATHEMATICS, 775  , 6.10  
2010_2011,7,MATHEMATICS, 780  , 9.30  
2010_2011,7,MATHEMATICS, 780  , 9.40  
2010_2011,8,MATHEMATICS, 800  , 10.00  
2010_2011,8,MATHEMATICS, 800  , 10.00  
2010_2011,8,MATHEMATICS, 800  , 10.00  
2010_2011,8,MATHEMATICS, 800  , 10.00  
2010_2011,8,MATHEMATICS, 800  , 10.00  
2010_2011,8,MATHEMATICS, 800  , 10.00  
2010_2011,8,MATHEMATICS, 808  , 10.00  
2010_2011,8,MATHEMATICS, 817  , 7.70  
2010_2011,8,MATHEMATICS, 821  , 5.50  
2010_2011,8,MATHEMATICS, 824  , 4.50  
2010_2011,8,MATHEMATICS, 826  , 3.80  
2010_2011,8,MATHEMATICS, 827  , 3.50  
2010_2011,8,MATHEMATICS, 829  , 3.20  
2010_2011,8,MATHEMATICS, 830  , 3.00  
2010_2011,8,MATHEMATICS, 831  , 2.80  
2010_2011,8,MATHEMATICS, 832  , 2.70  
2010_2011,8,MATHEMATICS, 833  , 2.60  
2010_2011,8,MATHEMATICS, 833  , 2.50  
2010_2011,8,MATHEMATICS, 834  , 2.50  
2010_2011,8,MATHEMATICS, 835  , 2.40  
2010_2011,8,MATHEMATICS, 836  , 2.30  
2010_2011,8,MATHEMATICS, 837  , 2.30  
2010_2011,8,MATHEMATICS, 837  , 2.30  
2010_2011,8,MATHEMATICS, 838  , 2.20  
2010_2011,8,MATHEMATICS, 839  , 2.20  
2010_2011,8,MATHEMATICS, 839  , 2.20  
2010_2011,8,MATHEMATICS, 839  , 2.10  
2010_2011,8,MATHEMATICS, 840  , 2.10  
2010_2011,8,MATHEMATICS, 841  , 2.10  
2010_2011,8,MATHEMATICS, 842  , 2.10  
2010_2011,8,MATHEMATICS, 842  , 2.10  
2010_2011,8,MATHEMATICS, 843  , 2.10  
2010_2011,8,MATHEMATICS, 843  , 2.00  
2010_2011,8,MATHEMATICS, 844  , 2.00  
2010_2011,8,MATHEMATICS, 845  , 2.00  
2010_2011,8,MATHEMATICS, 845  , 2.00  
2010_2011,8,MATHEMATICS, 846  , 2.00  
2010_2011,8,MATHEMATICS, 846  , 2.00  
2010_2011,8,MATHEMATICS, 847  , 2.00  
2010_2011,8,MATHEMATICS, 847  , 2.00  
2010_2011,8,MATHEMATICS, 848  , 2.10  
2010_2011,8,MATHEMATICS, 849  , 2.10  
2010_2011,8,MATHEMATICS, 849  , 2.10  
2010_2011,8,MATHEMATICS, 850  , 2.10  
2010_2011,8,MATHEMATICS, 850  , 2.10  
2010_2011,8,MATHEMATICS, 851  , 2.10  
2010_2011,8,MATHEMATICS, 852  , 2.20  
2010_2011,8,MATHEMATICS, 852  , 2.20  
2010_2011,8,MATHEMATICS, 853  , 2.20  
2010_2011,8,MATHEMATICS, 854  , 2.30  
2010_2011,8,MATHEMATICS, 855  , 2.30  
2010_2011,8,MATHEMATICS, 855  , 2.40  
2010_2011,8,MATHEMATICS, 856  , 2.40  
2010_2011,8,MATHEMATICS, 857  , 2.50  
2010_2011,8,MATHEMATICS, 858  , 2.60  
2010_2011,8,MATHEMATICS, 859  , 2.70  
2010_2011,8,MATHEMATICS, 860  , 2.80  
2010_2011,8,MATHEMATICS, 861  , 3.00  
2010_2011,8,MATHEMATICS, 862  , 3.10  
2010_2011,8,MATHEMATICS, 864  , 3.30  
2010_2011,8,MATHEMATICS, 865  , 3.60  
2010_2011,8,MATHEMATICS, 867  , 3.90  
2010_2011,8,MATHEMATICS, 869  , 4.40  
2010_2011,8,MATHEMATICS, 872  , 5.40  
2010_2011,8,MATHEMATICS, 878  , 7.70  
2010_2011,8,MATHEMATICS, 880  , 9.50  
2010_2011,11,MATHEMATICS, 1100  , 10.00  
2010_2011,11,MATHEMATICS, 1100  , 10.00  
2010_2011,11,MATHEMATICS, 1100  , 10.00  
2010_2011,11,MATHEMATICS, 1100  , 10.00  
2010_2011,11,MATHEMATICS, 1100  , 10.00  
2010_2011,11,MATHEMATICS, 1100  , 10.00  
2010_2011,11,MATHEMATICS, 1112  , 9.20  
2010_2011,11,MATHEMATICS, 1118  , 6.20  
2010_2011,11,MATHEMATICS, 1121  , 4.80  
2010_2011,11,MATHEMATICS, 1124  , 4.00  
2010_2011,11,MATHEMATICS, 1125  , 3.50  
2010_2011,11,MATHEMATICS, 1127  , 3.10  
2010_2011,11,MATHEMATICS, 1128  , 2.90  
2010_2011,11,MATHEMATICS, 1129  , 2.70  
2010_2011,11,MATHEMATICS, 1130  , 2.50  
2010_2011,11,MATHEMATICS, 1131  , 2.40  
2010_2011,11,MATHEMATICS, 1132  , 2.30  
2010_2011,11,MATHEMATICS, 1133  , 2.20  
2010_2011,11,MATHEMATICS, 1133  , 2.10  
2010_2011,11,MATHEMATICS, 1134  , 2.10  
2010_2011,11,MATHEMATICS, 1135  , 2.00  
2010_2011,11,MATHEMATICS, 1135  , 2.00  
2010_2011,11,MATHEMATICS, 1136  , 1.90  
2010_2011,11,MATHEMATICS, 1136  , 1.90  
2010_2011,11,MATHEMATICS, 1137  , 1.90  
2010_2011,11,MATHEMATICS, 1137  , 1.80  
2010_2011,11,MATHEMATICS, 1138  , 1.80  
2010_2011,11,MATHEMATICS, 1138  , 1.80  
2010_2011,11,MATHEMATICS, 1139  , 1.70  
2010_2011,11,MATHEMATICS, 1139  , 1.70  
2010_2011,11,MATHEMATICS, 1139  , 1.70  
2010_2011,11,MATHEMATICS, 1140  , 1.70  
2010_2011,11,MATHEMATICS, 1141  , 1.70  
2010_2011,11,MATHEMATICS, 1141  , 1.70  
2010_2011,11,MATHEMATICS, 1142  , 1.70  
2010_2011,11,MATHEMATICS, 1142  , 1.60  
2010_2011,11,MATHEMATICS, 1142  , 1.60  
2010_2011,11,MATHEMATICS, 1143  , 1.60  
2010_2011,11,MATHEMATICS, 1143  , 1.60  
2010_2011,11,MATHEMATICS, 1144  , 1.60  
2010_2011,11,MATHEMATICS, 1144  , 1.60  
2010_2011,11,MATHEMATICS, 1145  , 1.60  
2010_2011,11,MATHEMATICS, 1145  , 1.60  
2010_2011,11,MATHEMATICS, 1146  , 1.70  
2010_2011,11,MATHEMATICS, 1146  , 1.70  
2010_2011,11,MATHEMATICS, 1147  , 1.70  
2010_2011,11,MATHEMATICS, 1147  , 1.70  
2010_2011,11,MATHEMATICS, 1148  , 1.70  
2010_2011,11,MATHEMATICS, 1148  , 1.70  
2010_2011,11,MATHEMATICS, 1149  , 1.80  
2010_2011,11,MATHEMATICS, 1149  , 1.80  
2010_2011,11,MATHEMATICS, 1150  , 1.90  
2010_2011,11,MATHEMATICS, 1150  , 1.90  
2010_2011,11,MATHEMATICS, 1151  , 2.00  
2010_2011,11,MATHEMATICS, 1151  , 2.10  
2010_2011,11,MATHEMATICS, 1153  , 2.20  
2010_2011,11,MATHEMATICS, 1153  , 2.30  
2010_2011,11,MATHEMATICS, 1154  , 2.50  
2010_2011,11,MATHEMATICS, 1155  , 2.70  
2010_2011,11,MATHEMATICS, 1157  , 2.90  
2010_2011,11,MATHEMATICS, 1158  , 3.30  
2010_2011,11,MATHEMATICS, 1160  , 3.80  
2010_2011,11,MATHEMATICS, 1163  , 4.60  
2010_2011,11,MATHEMATICS, 1168  , 6.60  
2010_2011,11,MATHEMATICS, 1180  , 7.60  
2010_2011,3,READING, 300  , 10.00  
2010_2011,3,READING, 300  , 10.00  
2010_2011,3,READING, 300  , 10.00  
2010_2011,3,READING, 300  , 10.00  
2010_2011,3,READING, 300  , 10.00  
2010_2011,3,READING, 300  , 10.00  
2010_2011,3,READING, 302  , 9.60  
2010_2011,3,READING, 307  , 7.90  
2010_2011,3,READING, 311  , 6.80  
2010_2011,3,READING, 314  , 6.00  
2010_2011,3,READING, 317  , 5.40  
2010_2011,3,READING, 319  , 4.90  
2010_2011,3,READING, 321  , 4.40  
2010_2011,3,READING, 323  , 4.10  
2010_2011,3,READING, 324  , 3.80  
2010_2011,3,READING, 325  , 3.60  
2010_2011,3,READING, 327  , 3.50  
2010_2011,3,READING, 328  , 3.30  
2010_2011,3,READING, 329  , 3.20  
2010_2011,3,READING, 330  , 3.10  
2010_2011,3,READING, 331  , 3.10  
2010_2011,3,READING, 332  , 3.00  
2010_2011,3,READING, 333  , 3.00  
2010_2011,3,READING, 334  , 2.90  
2010_2011,3,READING, 335  , 2.90  
2010_2011,3,READING, 336  , 2.90  
2010_2011,3,READING, 337  , 2.90  
2010_2011,3,READING, 338  , 2.90  
2010_2011,3,READING, 339  , 2.90  
2010_2011,3,READING, 340  , 2.90  
2010_2011,3,READING, 341  , 2.90  
2010_2011,3,READING, 342  , 3.00  
2010_2011,3,READING, 343  , 3.00  
2010_2011,3,READING, 345  , 3.10  
2010_2011,3,READING, 346  , 3.20  
2010_2011,3,READING, 347  , 3.30  
2010_2011,3,READING, 348  , 3.50  
2010_2011,3,READING, 350  , 3.70  
2010_2011,3,READING, 351  , 3.90  
2010_2011,3,READING, 353  , 4.10  
2010_2011,3,READING, 355  , 4.40  
2010_2011,3,READING, 356  , 4.60  
2010_2011,3,READING, 359  , 4.90  
2010_2011,3,READING, 362  , 5.20  
2010_2011,3,READING, 364  , 5.40  
2010_2011,3,READING, 367  , 5.70  
2010_2011,3,READING, 370  , 6.00  
2010_2011,3,READING, 373  , 6.30  
2010_2011,3,READING, 377  , 6.70  
2010_2011,3,READING, 380  , 7.60  
2010_2011,3,READING, 380  , 9.30  
2010_2011,3,READING, 380  , 10.00  
2010_2011,3,READING, 380  , 10.00  
2010_2011,4,READING, 400  , 10.00  
2010_2011,4,READING, 400  , 10.00  
2010_2011,4,READING, 400  , 10.00  
2010_2011,4,READING, 400  , 10.00  
2010_2011,4,READING, 400  , 10.00  
2010_2011,4,READING, 400  , 10.00  
2010_2011,4,READING, 400  , 10.00  
2010_2011,4,READING, 400  , 10.00  
2010_2011,4,READING, 400  , 10.00  
2010_2011,4,READING, 401  , 9.40  
2010_2011,4,READING, 406  , 8.30  
2010_2011,4,READING, 410  , 7.40  
2010_2011,4,READING, 413  , 6.80  
2010_2011,4,READING, 416  , 6.20  
2010_2011,4,READING, 418  , 5.70  
2010_2011,4,READING, 420  , 5.30  
2010_2011,4,READING, 422  , 4.90  
2010_2011,4,READING, 423  , 4.60  
2010_2011,4,READING, 425  , 4.40  
2010_2011,4,READING, 426  , 4.20  
2010_2011,4,READING, 428  , 4.00  
2010_2011,4,READING, 429  , 3.80  
2010_2011,4,READING, 430  , 3.70  
2010_2011,4,READING, 431  , 3.60  
2010_2011,4,READING, 432  , 3.50  
2010_2011,4,READING, 434  , 3.40  
2010_2011,4,READING, 435  , 3.30  
2010_2011,4,READING, 436  , 3.30  
2010_2011,4,READING, 437  , 3.20  
2010_2011,4,READING, 438  , 3.20  
2010_2011,4,READING, 439  , 3.20  
2010_2011,4,READING, 439  , 3.20  
2010_2011,4,READING, 441  , 3.30  
2010_2011,4,READING, 442  , 3.30  
2010_2011,4,READING, 443  , 3.40  
2010_2011,4,READING, 444  , 3.40  
2010_2011,4,READING, 446  , 3.50  
2010_2011,4,READING, 447  , 3.70  
2010_2011,4,READING, 448  , 3.80  
2010_2011,4,READING, 450  , 4.00  
2010_2011,4,READING, 452  , 4.20  
2010_2011,4,READING, 453  , 4.50  
2010_2011,4,READING, 455  , 4.80  
2010_2011,4,READING, 458  , 5.20  
2010_2011,4,READING, 460  , 5.70  
2010_2011,4,READING, 463  , 6.30  
2010_2011,4,READING, 467  , 7.10  
2010_2011,4,READING, 471  , 8.00  
2010_2011,4,READING, 476  , 9.00  
2010_2011,4,READING, 480  , 9.80  
2010_2011,4,READING, 480  , 10.00  
2010_2011,4,READING, 480  , 10.00  
2010_2011,4,READING, 480  , 10.00  
2010_2011,5,READING, 500  , 10.00  
2010_2011,5,READING, 500  , 10.00  
2010_2011,5,READING, 500  , 10.00  
2010_2011,5,READING, 500  , 10.00  
2010_2011,5,READING, 500  , 9.80  
2010_2011,5,READING, 506  , 7.30  
2010_2011,5,READING, 510  , 6.10  
2010_2011,5,READING, 513  , 5.30  
2010_2011,5,READING, 515  , 4.80  
2010_2011,5,READING, 517  , 4.50  
2010_2011,5,READING, 519  , 4.20  
2010_2011,5,READING, 521  , 4.00  
2010_2011,5,READING, 523  , 3.90  
2010_2011,5,READING, 524  , 3.70  
2010_2011,5,READING, 525  , 3.60  
2010_2011,5,READING, 527  , 3.60  
2010_2011,5,READING, 528  , 3.50  
2010_2011,5,READING, 529  , 3.40  
2010_2011,5,READING, 530  , 3.40  
2010_2011,5,READING, 532  , 3.30  
2010_2011,5,READING, 533  , 3.30  
2010_2011,5,READING, 534  , 3.30  
2010_2011,5,READING, 535  , 3.30  
2010_2011,5,READING, 536  , 3.20  
2010_2011,5,READING, 537  , 3.20  
2010_2011,5,READING, 538  , 3.20  
2010_2011,5,READING, 539  , 3.20  
2010_2011,5,READING, 540  , 3.20  
2010_2011,5,READING, 541  , 3.30  
2010_2011,5,READING, 543  , 3.30  
2010_2011,5,READING, 544  , 3.30  
2010_2011,5,READING, 545  , 3.40  
2010_2011,5,READING, 546  , 3.40  
2010_2011,5,READING, 548  , 3.50  
2010_2011,5,READING, 549  , 3.60  
2010_2011,5,READING, 550  , 3.70  
2010_2011,5,READING, 552  , 3.80  
2010_2011,5,READING, 553  , 3.90  
2010_2011,5,READING, 555  , 4.00  
2010_2011,5,READING, 557  , 4.10  
2010_2011,5,READING, 559  , 4.20  
2010_2011,5,READING, 560  , 4.40  
2010_2011,5,READING, 562  , 4.50  
2010_2011,5,READING, 564  , 4.60  
2010_2011,5,READING, 567  , 4.70  
2010_2011,5,READING, 569  , 4.80  
2010_2011,5,READING, 571  , 4.90  
2010_2011,5,READING, 574  , 5.10  
2010_2011,5,READING, 577  , 5.30  
2010_2011,5,READING, 580  , 5.70  
2010_2011,5,READING, 580  , 6.70  
2010_2011,5,READING, 580  , 8.30  
2010_2011,5,READING, 580  , 8.30  
2010_2011,6,READING, 600  , 10.00  
2010_2011,6,READING, 600  , 10.00  
2010_2011,6,READING, 600  , 10.00  
2010_2011,6,READING, 600  , 10.00  
2010_2011,6,READING, 600  , 10.00  
2010_2011,6,READING, 607  , 7.80  
2010_2011,6,READING, 611  , 6.20  
2010_2011,6,READING, 614  , 5.30  
2010_2011,6,READING, 616  , 4.80  
2010_2011,6,READING, 619  , 4.40  
2010_2011,6,READING, 620  , 4.10  
2010_2011,6,READING, 622  , 3.90  
2010_2011,6,READING, 623  , 3.70  
2010_2011,6,READING, 625  , 3.60  
2010_2011,6,READING, 626  , 3.50  
2010_2011,6,READING, 627  , 3.40  
2010_2011,6,READING, 628  , 3.30  
2010_2011,6,READING, 630  , 3.20  
2010_2011,6,READING, 631  , 3.10  
2010_2011,6,READING, 632  , 3.10  
2010_2011,6,READING, 633  , 3.10  
2010_2011,6,READING, 634  , 3.00  
2010_2011,6,READING, 635  , 3.00  
2010_2011,6,READING, 636  , 3.00  
2010_2011,6,READING, 637  , 3.00  
2010_2011,6,READING, 638  , 3.00  
2010_2011,6,READING, 639  , 3.00  
2010_2011,6,READING, 640  , 3.00  
2010_2011,6,READING, 641  , 3.10  
2010_2011,6,READING, 642  , 3.10  
2010_2011,6,READING, 643  , 3.20  
2010_2011,6,READING, 644  , 3.20  
2010_2011,6,READING, 646  , 3.30  
2010_2011,6,READING, 647  , 3.40  
2010_2011,6,READING, 648  , 3.40  
2010_2011,6,READING, 650  , 3.50  
2010_2011,6,READING, 651  , 3.60  
2010_2011,6,READING, 652  , 3.80  
2010_2011,6,READING, 654  , 3.90  
2010_2011,6,READING, 656  , 4.00  
2010_2011,6,READING, 658  , 4.10  
2010_2011,6,READING, 659  , 4.20  
2010_2011,6,READING, 661  , 4.40  
2010_2011,6,READING, 664  , 4.50  
2010_2011,6,READING, 666  , 4.70  
2010_2011,6,READING, 668  , 4.80  
2010_2011,6,READING, 671  , 5.00  
2010_2011,6,READING, 674  , 5.10  
2010_2011,6,READING, 677  , 5.30  
2010_2011,6,READING, 680  , 5.60  
2010_2011,6,READING, 680  , 6.30  
2010_2011,6,READING, 680  , 8.30  
2010_2011,6,READING, 680  , 8.90  
2010_2011,7,READING, 700  , 10.00  
2010_2011,7,READING, 700  , 10.00  
2010_2011,7,READING, 700  , 10.00  
2010_2011,7,READING, 700  , 10.00  
2010_2011,7,READING, 700  , 10.00  
2010_2011,7,READING, 703  , 8.10  
2010_2011,7,READING, 707  , 6.60  
2010_2011,7,READING, 711  , 5.70  
2010_2011,7,READING, 713  , 5.10  
2010_2011,7,READING, 715  , 4.70  
2010_2011,7,READING, 717  , 4.40  
2010_2011,7,READING, 719  , 4.20  
2010_2011,7,READING, 721  , 4.10  
2010_2011,7,READING, 722  , 3.90  
2010_2011,7,READING, 724  , 3.80  
2010_2011,7,READING, 725  , 3.80  
2010_2011,7,READING, 727  , 3.70  
2010_2011,7,READING, 728  , 3.70  
2010_2011,7,READING, 729  , 3.60  
2010_2011,7,READING, 731  , 3.60  
2010_2011,7,READING, 732  , 3.60  
2010_2011,7,READING, 733  , 3.60  
2010_2011,7,READING, 734  , 3.60  
2010_2011,7,READING, 736  , 3.60  
2010_2011,7,READING, 737  , 3.60  
2010_2011,7,READING, 738  , 3.60  
2010_2011,7,READING, 739  , 3.60  
2010_2011,7,READING, 741  , 3.60  
2010_2011,7,READING, 742  , 3.60  
2010_2011,7,READING, 743  , 3.60  
2010_2011,7,READING, 745  , 3.70  
2010_2011,7,READING, 746  , 3.70  
2010_2011,7,READING, 747  , 3.80  
2010_2011,7,READING, 749  , 3.80  
2010_2011,7,READING, 750  , 3.90  
2010_2011,7,READING, 752  , 3.90  
2010_2011,7,READING, 753  , 3.90  
2010_2011,7,READING, 755  , 4.00  
2010_2011,7,READING, 756  , 4.00  
2010_2011,7,READING, 758  , 4.10  
2010_2011,7,READING, 759  , 4.10  
2010_2011,7,READING, 761  , 4.20  
2010_2011,7,READING, 763  , 4.20  
2010_2011,7,READING, 765  , 4.30  
2010_2011,7,READING, 767  , 4.40  
2010_2011,7,READING, 769  , 4.40  
2010_2011,7,READING, 771  , 4.50  
2010_2011,7,READING, 774  , 4.70  
2010_2011,7,READING, 777  , 5.00  
2010_2011,7,READING, 780  , 5.60  
2010_2011,7,READING, 780  , 6.80  
2010_2011,7,READING, 780  , 10.00  
2010_2011,7,READING, 780  , 10.00  
2010_2011,8,READING, 800  , 10.00  
2010_2011,8,READING, 800  , 10.00  
2010_2011,8,READING, 800  , 10.00  
2010_2011,8,READING, 800  , 10.00  
2010_2011,8,READING, 800  , 9.50  
2010_2011,8,READING, 802  , 7.90  
2010_2011,8,READING, 806  , 6.60  
2010_2011,8,READING, 809  , 5.90  
2010_2011,8,READING, 812  , 5.30  
2010_2011,8,READING, 814  , 4.90  
2010_2011,8,READING, 817  , 4.60  
2010_2011,8,READING, 818  , 4.40  
2010_2011,8,READING, 820  , 4.20  
2010_2011,8,READING, 822  , 4.10  
2010_2011,8,READING, 823  , 4.00  
2010_2011,8,READING, 825  , 3.90  
2010_2011,8,READING, 826  , 3.80  
2010_2011,8,READING, 827  , 3.80  
2010_2011,8,READING, 829  , 3.70  
2010_2011,8,READING, 830  , 3.70  
2010_2011,8,READING, 831  , 3.70  
2010_2011,8,READING, 833  , 3.60  
2010_2011,8,READING, 834  , 3.60  
2010_2011,8,READING, 835  , 3.60  
2010_2011,8,READING, 836  , 3.60  
2010_2011,8,READING, 837  , 3.60  
2010_2011,8,READING, 839  , 3.60  
2010_2011,8,READING, 839  , 3.60  
2010_2011,8,READING, 841  , 3.60  
2010_2011,8,READING, 842  , 3.60  
2010_2011,8,READING, 844  , 3.60  
2010_2011,8,READING, 845  , 3.70  
2010_2011,8,READING, 846  , 3.70  
2010_2011,8,READING, 848  , 3.80  
2010_2011,8,READING, 849  , 3.90  
2010_2011,8,READING, 851  , 4.00  
2010_2011,8,READING, 852  , 4.10  
2010_2011,8,READING, 854  , 4.10  
2010_2011,8,READING, 856  , 4.20  
2010_2011,8,READING, 857  , 4.30  
2010_2011,8,READING, 859  , 4.40  
2010_2011,8,READING, 861  , 4.40  
2010_2011,8,READING, 863  , 4.50  
2010_2011,8,READING, 865  , 4.60  
2010_2011,8,READING, 867  , 4.70  
2010_2011,8,READING, 870  , 4.90  
2010_2011,8,READING, 872  , 5.00  
2010_2011,8,READING, 875  , 5.10  
2010_2011,8,READING, 878  , 5.30  
2010_2011,8,READING, 880  , 5.70  
2010_2011,8,READING, 880  , 6.60  
2010_2011,8,READING, 880  , 9.10  
2010_2011,8,READING, 880  , 9.10  
2010_2011,11,READING, 1100  , 10.00  
2010_2011,11,READING, 1100  , 10.00  
2010_2011,11,READING, 1100  , 10.00  
2010_2011,11,READING, 1100  , 10.00  
2010_2011,11,READING, 1100  , 10.00  
2010_2011,11,READING, 1103  , 8.40  
2010_2011,11,READING, 1108  , 6.50  
2010_2011,11,READING, 1111  , 5.40  
2010_2011,11,READING, 1114  , 4.80  
2010_2011,11,READING, 1116  , 4.40  
2010_2011,11,READING, 1118  , 4.10  
2010_2011,11,READING, 1120  , 3.90  
2010_2011,11,READING, 1121  , 3.70  
2010_2011,11,READING, 1123  , 3.60  
2010_2011,11,READING, 1124  , 3.50  
2010_2011,11,READING, 1125  , 3.50  
2010_2011,11,READING, 1127  , 3.50  
2010_2011,11,READING, 1128  , 3.40  
2010_2011,11,READING, 1129  , 3.40  
2010_2011,11,READING, 1130  , 3.40  
2010_2011,11,READING, 1132  , 3.40  
2010_2011,11,READING, 1133  , 3.40  
2010_2011,11,READING, 1134  , 3.40  
2010_2011,11,READING, 1135  , 3.40  
2010_2011,11,READING, 1136  , 3.40  
2010_2011,11,READING, 1138  , 3.40  
2010_2011,11,READING, 1139  , 3.40  
2010_2011,11,READING, 1140  , 3.40  
2010_2011,11,READING, 1141  , 3.40  
2010_2011,11,READING, 1143  , 3.50  
2010_2011,11,READING, 1144  , 3.50  
2010_2011,11,READING, 1145  , 3.60  
2010_2011,11,READING, 1147  , 3.60  
2010_2011,11,READING, 1148  , 3.60  
2010_2011,11,READING, 1149  , 3.60  
2010_2011,11,READING, 1151  , 3.60  
2010_2011,11,READING, 1152  , 3.70  
2010_2011,11,READING, 1153  , 3.70  
2010_2011,11,READING, 1155  , 3.70  
2010_2011,11,READING, 1157  , 3.70  
2010_2011,11,READING, 1158  , 3.80  
2010_2011,11,READING, 1160  , 3.80  
2010_2011,11,READING, 1162  , 3.90  
2010_2011,11,READING, 1163  , 3.90  
2010_2011,11,READING, 1165  , 4.00  
2010_2011,11,READING, 1167  , 4.00  
2010_2011,11,READING, 1169  , 4.10  
2010_2011,11,READING, 1171  , 4.30  
2010_2011,11,READING, 1174  , 4.60  
2010_2011,11,READING, 1177  , 5.20  
2010_2011,11,READING, 1180  , 6.40  
2010_2011,11,READING, 1180  , 9.30  
2010_2011,11,READING, 1180  , 9.30  
